{"cameraMode":{"drawMode":0,"name":"Shaded","section":"Shading Mode"},"sceneLighting":false,"audioPlay":false,"sceneViewState":{"showFog":false,"showMaterialUpdate":false,"showSkybox":false,"showFlares":false,"showImageEffects":true,"showParticleSystems":true},"in2DMode":false,"pivot":{"x":0.02828344702720642,"y":0.9930214881896973,"z":-4.917762279510498},"rotation":{"x":-0.04224655404686928,"y":-0.04884014651179314,"z":0.0020677298307418825,"w":-0.9979106187820435},"size":3.776414155960083,"orthographic":false}