{"cameraMode":{"drawMode":0,"name":"Shaded","section":"Shading Mode"},"sceneLighting":false,"audioPlay":false,"sceneViewState":{"showFog":false,"showMaterialUpdate":false,"showSkybox":false,"showFlares":false,"showImageEffects":false,"showParticleSystems":false},"in2DMode":false,"pivot":{"x":0.1294879913330078,"y":0.5248246192932129,"z":1.3595207929611207},"rotation":{"x":0.15770936012268067,"y":0.5950914621353149,"z":-0.12051374465227127,"w":0.7787621021270752},"size":3.9758894443511965,"orthographic":false}